#Scan#	Adduct	CAS_Number	Charge	Compound_Name	Compound_Source	Data_Collector	ExactMass	FileScanUniqueID	INCHI	INCHI_AUX	Instrument	IonMode	Ion_Source	LibMZ	LibraryName	LibraryQualityString	Library_Class	MQScore	MZErrorPPM	MassDiff	NumberHits	Organism	PI	Precursor_MZ	Pubmed_ID	RT_Query	SharedPeaks	Smiles	SpecCharge	SpecMZ	SpectrumFile	SpectrumID	TIC_Query	UpdateWorkflowName	tags
10	M+H	78513	1	Spectral Match to Tris(2-butoxyethyl) phosphate from NIST14	Isolated	Data deposited by lfnothias	0.0	spectra/specs_ms.mgf10	N/A	N/A	HCD	Positive	ESI	399.25	lib-00032.mgf	Bronze	3	0.983051	0.229312	9.15527e-05	1	GNPS-NIST14-MATCHES	Data from Pieter Dorrestein	399.25	N/A	0	12	N/A	1	399.25	spectra/specs_ms.mgf	CCMSLIB00003140225	6.61477e+06	UPDATE-SINGLE-ANNOTATED-BRONZE	 
102	[M+H]+	519-09-5	1	Massbank:EA282304 Benzoylecgonine| 3-benzoyloxy-8-methyl-8-azabicyclo[3.2.1]octane-4-carboxylic acid	Isolated	Massbank	0.0	spectra/specs_ms.mgf102	1S/C16H19NO4/c1-17-11-7-8-12(17)14(15(18)19)13(9-11)21-16(20)10-5-3-2-4-6-10/h2-6,11-14H,7-9H2,1H3,(H,18,19)	N/A	LC-ESI-ITFT	Positive	ESI	290.139	lib-00004.mgf	Bronze	3	0.97956	4.2073	0.0012207	1	MASSBANK	Putative Massbank Match	290.139	N/A	0	8	CN1C2CCC1C(C(C2)OC(=O)C3=CC=CC=C3)C(=O)O	1	290.138	spectra/specs_ms.mgf	CCMSLIB00000211564	1.55125e+07	UPDATE-SINGLE-ANNOTATED-BRONZE	 
1046	M+H	26853316	1	Spectral Match to 1-Hexadecanoyl-2-(9Z-octadecenoyl)-sn-glycero-3-phosphocholine from NIST14	Isolated	Data deposited by mjmeehan	0.0	spectra/specs_ms.mgf1046	N/A	N/A	HCD	Positive	ESI	760.586	lib-00032.mgf	Bronze	3	0.992596	2.32718	0.00177002	1	GNPS-NIST14-MATCHES	Data from Gabriel Haddad	760.586	N/A	0	11	N/A	1	760.584	spectra/specs_ms.mgf	CCMSLIB00003138390	2.80931e+06	UPDATE-SINGLE-ANNOTATED-BRONZE	 
106	M+Na	N/A	1	Spectral Match to 1-Octadecanoyl-sn-glycero-3-phosphocholine from NIST14	Isolated	Data deposited by mjmeehan	0.0	spectra/specs_ms.mgf106	N/A	N/A	Q-TOF	Positive	ESI	546.351	lib-00032.mgf	Bronze	3	0.970738	2.01086	0.00109863	1	GNPS-NIST14-MATCHES	Data from Gabriel Haddad	546.351	N/A	0	16	N/A	1	546.352	spectra/specs_ms.mgf	CCMSLIB00003134685	2.53362e+07	UPDATE-SINGLE-ANNOTATED-BRONZE	 
108	M+H	27098244	1	Spectral Match to 1-Stearoyl-2-linoleoyl-sn-glycero-3-phosphocholine from NIST14	Isolated	Data deposited by daniel	0.0	spectra/specs_ms.mgf108	N/A	N/A	HCD	Positive	ESI	786.597	lib-00032.mgf	Bronze	3	0.977855	2.17263	0.00170898	1	GNPS-NIST14-MATCHES	Data from Pieter Dorrestein	786.597	N/A	0	6	N/A	1	786.599	spectra/specs_ms.mgf	CCMSLIB00003135444	5.01199e+07	UPDATE-SINGLE-ANNOTATED-BRONZE	 
110	M+H	 	0	Contaminants septum vial Thermo C4000-53 and C4000-54 serie	Crude	lfnothias	0.0	spectra/specs_ms.mgf110	 	 	Orbitrap	Positive	LC-ESI	536.165	lib-00013.mgf	Bronze	3	0.907347	0.910692	0.000488281	1	GNPS-LIBRARY	Dorrestein	536.165	 	0	15	 	1	536.164	spectra/specs_ms.mgf	CCMSLIB00005436264	2.57722e+06	UPDATE-SINGLE-ANNOTATED-BRONZE	 
114	M+H-NH3	60184	1	Spectral Match to L-Tyrosine from NIST14	Isolated	Data deposited by aaksenov	0.0	spectra/specs_ms.mgf114	N/A	N/A	HCD	Positive	ESI	165.055	lib-00032.mgf	Bronze	3	0.932066	3.60542	0.000595093	1	GNPS-NIST14-MATCHES	Data from Karin	165.055	N/A	0	6	N/A	1	165.054	spectra/specs_ms.mgf	CCMSLIB00003137783	1.86594e+07	UPDATE-SINGLE-ANNOTATED-BRONZE	 
116	M+H	547-75-1	1	hyocholic acid	commercial	A. Jarmusch	408.288	spectra/specs_ms.mgf116	1S/C24H40O5/c1-13(4-7-19(26)27)15-5-6-16-20-17(9-11-23(15,16)2)24(3)10-8-14(25)12-18(24)21(28)22(20)29/h13-18,20-22,25,28-29H,4-12H2,1-3H3,(H,26,27)/t13?,14-,15-,16+,17+,18+,20+,21-,22+,23?,24?/m1/s1	N/A	Orbitrap	Positive	ESI	158.154	lib-00001.mgf	Gold	1	0.905474	1.35073	0.000213623	1	BILELIB19	Dorrestein	158.154	N/A	0	6	C[C@H](CCC(=O)O)[C@H]1CC[C@@H]2[C@@]1(CC[C@H]3[C@H]2[C@@H]([C@@H]([C@H]4[C@@]3(CC[C@H](C4)O)C)O)O)C	1	158.154	spectra/specs_ms.mgf	CCMSLIB00005435541	3.9184e+06	UPDATE-SINGLE-ANNOTATED-GOLD	 
121	M+Na	26853316	1	Spectral Match to 1-Hexadecanoyl-2-(9Z-octadecenoyl)-sn-glycero-3-phosphocholine from NIST14	Isolated	Data deposited by mjmeehan	0.0	spectra/specs_ms.mgf121	N/A	N/A	HCD	Positive	ESI	782.568	lib-00032.mgf	Bronze	3	0.981054	0.155987	0.00012207	1	GNPS-NIST14-MATCHES	Data from Gabriel Haddad	782.568	N/A	0	17	N/A	1	782.568	spectra/specs_ms.mgf	CCMSLIB00003138952	8.80324e+07	UPDATE-SINGLE-ANNOTATED-BRONZE	 
122	M+H	58-08-2	1	CAFFEINE	Commercial	Kelly Weldon	194.08	spectra/specs_ms.mgf122	"InChI=1S/C8H10N4O2/c1-10-4-9-6-5(10)7(13)12(3)8(14)11(6)2/h4H,1-3H3"	N/A	Orbitrap	Positive	ESI	195.088	lib-00015.mgf	Gold	1	0.925064	3.05038	0.000595093	1	GNPS-MSMLS	Dorrestein	195.088	N/A	0	6	CN1C=NC2=C1C(=O)N(C)C(=O)N2C	1	195.087	spectra/specs_ms.mgf	CCMSLIB00005464484	1.05253e+07	UPDATE-SINGLE-ANNOTATED-GOLD	 
124	M+Na	78513	1	Spectral Match to Tris(2-butoxyethyl) phosphate from NIST14	Isolated	Data deposited by daniel	0.0	spectra/specs_ms.mgf124	N/A	N/A	HCD	Positive	ESI	421.233	lib-00032.mgf	Bronze	3	0.88126	1.88365	0.000793457	1	GNPS-NIST14-MATCHES	Data from Nediljko Budisa	421.233	N/A	0	6	N/A	1	421.232	spectra/specs_ms.mgf	CCMSLIB00003139119	1.64481e+06	UPDATE-SINGLE-ANNOTATED-BRONZE	 
130	M+H	59403542	1	Spectral Match to 1-Palmitoyl-2-docosahexaenoyl-sn-glycero-3-phosphocholine from NIST14	Isolated	Data deposited by lamccall	0.0	spectra/specs_ms.mgf130	N/A	N/A	HCD	Positive	ESI	806.55	lib-00032.mgf	Bronze	3	0.788143	20.2051	0.0162964	1	GNPS-NIST14-MATCHES	Data from McKerrow	806.55	N/A	0	13	N/A	1	806.566	spectra/specs_ms.mgf	CCMSLIB00003139425	9.69607e+06	UPDATE-SINGLE-ANNOTATED-BRONZE	 
132	M+H	26853316	1	Spectral Match to 1-Hexadecanoyl-2-(9Z-octadecenoyl)-sn-glycero-3-phosphocholine from NIST14	Isolated	Data deposited by mjmeehan	0.0	spectra/specs_ms.mgf132	N/A	N/A	HCD	Positive	ESI	760.586	lib-00032.mgf	Bronze	3	0.993714	4.57411	0.003479	1	GNPS-NIST14-MATCHES	Data from Gabriel Haddad	760.586	N/A	0	13	N/A	1	760.583	spectra/specs_ms.mgf	CCMSLIB00003138390	2.4242e+07	UPDATE-SINGLE-ANNOTATED-BRONZE	 
138	M+H	69747553	1	Spectral Match to 1-Stearoyl-2-hydroxy-sn-glycero-3-phosphoethanolamine from NIST14	Isolated	Data deposited by pmallard	0.0	spectra/specs_ms.mgf138	N/A	N/A	HCD	Positive	ESI	482.325	lib-00032.mgf	Bronze	3	0.769958	3.35341	0.00161743	1	GNPS-NIST14-MATCHES	Data from Wolfender/Litaudon	482.325	N/A	0	7	N/A	1	482.323	spectra/specs_ms.mgf	CCMSLIB00003136026	2.71578e+06	UPDATE-SINGLE-ANNOTATED-BRONZE	 
140	M+H	50930239	1	Spectral Match to 1-Heptadecanoyl-sn-glycero-3-phosphocholine from NIST14	Isolated	Data deposited by pmallard	0.0	spectra/specs_ms.mgf140	N/A	N/A	HCD	Positive	ESI	510.356	lib-00032.mgf	Bronze	3	0.937515	2.69085	0.00137329	1	GNPS-NIST14-MATCHES	Data from Wolfender/Litaudon	510.356	N/A	0	11	N/A	1	510.355	spectra/specs_ms.mgf	CCMSLIB00003134769	1.50914e+06	UPDATE-SINGLE-ANNOTATED-BRONZE	 
143	M+H	 	1	Sphingomyelin (18:1/14:0)	Other	Quinn	674.536	spectra/specs_ms.mgf143	 	 	qTof	Positive	LC-ESI	675.536	lib-00013.mgf	Bronze	3	0.889545	10.2096	0.00689697	1	GNPS-LIBRARY	Rohwer	675.536	49703630	0	6	 	1	675.543	spectra/specs_ms.mgf	CCMSLIB00000223894	4.12423e+07	UPDATE-SINGLE-ANNOTATED-BRONZE	 
145	M+H	63-68-3	1	METHIONINE	Commercial	Kelly Weldon	149.051	spectra/specs_ms.mgf145	"InChI=1S/C5H11NO2S/c1-9-3-2-4(6)5(7)8/h4H,2-3,6H2,1H3,(H,7,8)/t4-/m0/s1"	N/A	Orbitrap	Positive	ESI	150.058	lib-00015.mgf	Gold	1	0.999205	1.32192	0.000198364	1	GNPS-MSMLS	Dorrestein	150.058	N/A	0	7	CSCC[C@H](N)C(O)=O	1	150.058	spectra/specs_ms.mgf	CCMSLIB00005464040	6.41339e+07	UPDATE-SINGLE-ANNOTATED-GOLD	 
146	M+H	117817	1	Spectral Match to Bis(2-ethylhexyl) phthalate from NIST14	Isolated	Data deposited by mjmeehan	0.0	spectra/specs_ms.mgf146	N/A	N/A	QqQ	Positive	ESI	391.284	lib-00032.mgf	Bronze	3	0.985315	0.467961	0.000183105	1	GNPS-NIST14-MATCHES	Data from Gabriel Haddad	391.284	N/A	0	8	N/A	1	391.284	spectra/specs_ms.mgf	CCMSLIB00003137830	3.75343e+06	UPDATE-SINGLE-ANNOTATED-BRONZE	 
148	M+H	19794935	1	Spectral Match to Trazodone from NIST14	Isolated	Data deposited by daniel	0.0	spectra/specs_ms.mgf148	N/A	N/A	HCD	Positive	ESI	372.16	lib-00032.mgf	Bronze	3	0.977814	4.34607	0.00161743	1	GNPS-NIST14-MATCHES	Data from Pieter Dorrestein	372.16	N/A	0	8	N/A	1	372.158	spectra/specs_ms.mgf	CCMSLIB00003139444	2.91645e+07	UPDATE-SINGLE-ANNOTATED-BRONZE	 
150	M+H	59403542	1	Spectral Match to 1-Palmitoyl-2-docosahexaenoyl-sn-glycero-3-phosphocholine from NIST14	Isolated	Data deposited by lamccall	0.0	spectra/specs_ms.mgf150	N/A	N/A	HCD	Positive	ESI	806.55	lib-00032.mgf	Bronze	3	0.925783	21.3402	0.0172119	1	GNPS-NIST14-MATCHES	Data from McKerrow	806.55	N/A	0	12	N/A	1	806.567	spectra/specs_ms.mgf	CCMSLIB00003139425	5.13908e+07	UPDATE-SINGLE-ANNOTATED-BRONZE	 
153	[M+H]+	N/A	1	PIPERINE	isolated	MoNA:VF-NPL-QEHF000639	0.0	spectra/specs_ms.mgf153	InChI=1S/C17H19NO3/c19-17(18-10-4-1-5-11-18)7-3-2-6-14-8-9-15-16(12-14)21-13-20-15/h2-3,6-9,12H,1,4-5,10-11,13H2/b6-2+,7-3+	N/A	ESI-QFT	positive	N/A	286.144	lib-00029.mgf	Bronze	3	0.98166	3.51949	0.00100708	1	MONA	MoNA	286.144	N/A	0	12	N/A	1	286.143	spectra/specs_ms.mgf	CCMSLIB00004691702	3.0177e+07	UPDATE-SINGLE-ANNOTATED-BRONZE	 
16	M+H	97281-36-2	1	(2-{[3-(hexadecanoyloxy)-2-hydroxypropyl phosphonato]oxy}ethyl)trimethylazanium	Commercial	C-TAC	495.332	spectra/specs_ms.mgf16	 	 	qTof	Positive	LC-ESI	496.34	lib-00013.mgf	Bronze	3	0.852587	1.78307	0.00088501	1	GNPS-LIBRARY	O Laprevote	496.34	 	0	7	 CCCCCCCCCCCCCCCC(=O)OCC(COP(=O)([O-])OCC[N+](C)(C)C)O	1	496.339	spectra/specs_ms.mgf	CCMSLIB00005436359	2.86366e+07	UPDATE-SINGLE-ANNOTATED-BRONZE	 
162	M+Na	19420565	1	Spectral Match to 1-(9Z-Octadecenoyl)-sn-glycero-3-phosphocholine from NIST14	Isolated	Data deposited by daniel	0.0	spectra/specs_ms.mgf162	N/A	N/A	HCD	Positive	ESI	544.337	lib-00032.mgf	Bronze	3	0.96692	0.89702	0.000488281	1	GNPS-NIST14-MATCHES	Data from Pieter Dorrestein	544.337	N/A	0	10	N/A	1	544.336	spectra/specs_ms.mgf	CCMSLIB00003137471	1.35773e+07	UPDATE-SINGLE-ANNOTATED-BRONZE	 
165	M+H	97802534	1	Spectral Match to 1-(1Z-Hexadecenyl)-sn-glycero-3-phosphocholine from NIST14	Isolated	Data deposited by fevargas	0.0	spectra/specs_ms.mgf165	N/A	N/A	HCD	Positive	ESI	480.344	lib-00032.mgf	Bronze	3	0.959751	0.190598	9.15527e-05	1	GNPS-NIST14-MATCHES	Data from Joshua Wollam	480.344	N/A	0	12	N/A	1	480.344	spectra/specs_ms.mgf	CCMSLIB00003139358	2.57388e+07	UPDATE-SINGLE-ANNOTATED-BRONZE	 
166	M+Na	6254-89-3	1	{[2-hexadecanamido-3-hydroxyoctadec-4-en-1-yl]oxy}[2-(trimethylazaniumyl)ethoxy]phosphinic acid	Commercial	C-TAC	703.575	spectra/specs_ms.mgf166	 	 	qTof	Positive	LC-ESI	725.557	lib-00013.mgf	Bronze	3	0.728976	1.09358	0.000793457	1	GNPS-LIBRARY	O Laprevote	725.557	 	0	8	 	1	725.556	spectra/specs_ms.mgf	CCMSLIB00005436312	8.68467e+06	UPDATE-SINGLE-ANNOTATED-BRONZE	 
179	M+H	83670	1	Spectral Match to Theobromine from NIST14	Isolated	Data deposited by fevargas	0.0	spectra/specs_ms.mgf179	N/A	N/A	HCD	Positive	ESI	181.072	lib-00032.mgf	Bronze	3	0.99103	1.17977	0.000213623	1	GNPS-NIST14-MATCHES	Data from Joshua Wollam	181.072	N/A	0	9	N/A	1	181.072	spectra/specs_ms.mgf	CCMSLIB00003139605	2.4564e+06	UPDATE-SINGLE-ANNOTATED-BRONZE	 
18	M+NH4	 	0	Contaminant vial septum ThermoFisher C5000-44B	Commercial	lfnothias	0.0	spectra/specs_ms.mgf18	 	 	Orbitrap	Positive	LC-ESI	702.215	lib-00013.mgf	Bronze	3	0.919637	2.8683	0.00201416	1	GNPS-LIBRARY	Contaminant vial septum ThermoFisher C5000-44B	702.215	 	0	23	 	1	702.213	spectra/specs_ms.mgf	CCMSLIB00005435822	1.16977e+07	UPDATE-SINGLE-ANNOTATED-BRONZE	 
180	M+H	52691620	1	Spectral Match to 1-Hexadecyl-sn-glycero-3-phosphocholine from NIST14	Isolated	Data deposited by fevargas	0.0	spectra/specs_ms.mgf180	N/A	N/A	Q-TOF	Positive	ESI	482.36	lib-00032.mgf	Bronze	3	0.976583	0.569405	0.000274658	1	GNPS-NIST14-MATCHES	Data from Kevin Bush	482.36	N/A	0	9	N/A	1	482.36	spectra/specs_ms.mgf	CCMSLIB00003137043	2.55746e+07	UPDATE-SINGLE-ANNOTATED-BRONZE	 
181	M+H	60793013	1	Spectral Match to HEPC from NIST14	Isolated	Data deposited by daniel	0.0	spectra/specs_ms.mgf181	N/A	N/A	HCD	Positive	ESI	482.324	lib-00032.mgf	Bronze	3	0.961276	1.26544	0.000610352	1	GNPS-NIST14-MATCHES	Data from Pieter Dorrestein	482.324	N/A	0	7	N/A	1	482.323	spectra/specs_ms.mgf	CCMSLIB00003134569	4.31303e+06	UPDATE-SINGLE-ANNOTATED-BRONZE	 
186	M+H	89576294	1	Spectral Match to 1-(9Z-Octadecenoyl)-sn-glycero-3-phosphoethanolamine from NIST14	Isolated	Data deposited by pmallard	0.0	spectra/specs_ms.mgf186	N/A	N/A	HCD	Positive	ESI	480.309	lib-00032.mgf	Bronze	3	0.863811	2.0332	0.000976562	1	GNPS-NIST14-MATCHES	Data from Wolfender/Litaudon	480.309	N/A	0	12	N/A	1	480.308	spectra/specs_ms.mgf	CCMSLIB00003134777	1.04164e+06	UPDATE-SINGLE-ANNOTATED-BRONZE	 
19	M+NH4	 	0	Contaminant vial septum ThermoFisher C5000-44B	Commercial	lfnothias	0.0	spectra/specs_ms.mgf19	 	 	Orbitrap	Positive	LC-ESI	628.196	lib-00013.mgf	Bronze	3	0.936478	3.01194	0.00189209	1	GNPS-LIBRARY	Dorrestein	628.196	 	0	21	 	1	628.194	spectra/specs_ms.mgf	CCMSLIB00005435823	1.53582e+07	UPDATE-SINGLE-ANNOTATED-BRONZE	 
195	[M+H]+	N/A	1	lenticin	isolated	MoNA:VF-NPL-QEHF001171	0.0	spectra/specs_ms.mgf195	InChI=1S/C14H18N2O2/c1-16(2,3)13(14(17)18)8-10-9-15-12-7-5-4-6-11(10)12/h4-7,9,13,15H,8H2,1-3H3	N/A	ESI-QFT	positive	N/A	247.144	lib-00029.mgf	Bronze	3	0.916744	1.17307	0.000289917	1	MONA	MoNA	247.144	N/A	0	6	N/A	1	247.144	spectra/specs_ms.mgf	CCMSLIB00004692234	684902	UPDATE-SINGLE-ANNOTATED-BRONZE	 
198	M+H	20559164	1	Spectral Match to 1-Myristoyl-sn-glycero-3-phosphocholine from NIST14	Isolated	Data deposited by mjmeehan	0.0	spectra/specs_ms.mgf198	N/A	N/A	Q-TOF	Positive	ESI	468.309	lib-00032.mgf	Bronze	3	0.954994	2.34596	0.00109863	1	GNPS-NIST14-MATCHES	Data from Gabriel Haddad	468.309	N/A	0	9	N/A	1	468.308	spectra/specs_ms.mgf	CCMSLIB00003136632	6.35096e+06	UPDATE-SINGLE-ANNOTATED-BRONZE	 
204	M-H2O+H	16564-43-5	1	GLYCOCHENODEOXYCHOLATE	Commercial	Kelly Weldon	449.314	spectra/specs_ms.mgf204	"InChI=1S/C26H43NO5/c1-15(4-7-22(30)27-14-23(31)32)18-5-6-19-24-20(9-11-26(18,19)3)25(2)10-8-17(28)12-16(25)13-21(24)29/h15-21,24,28-29H,4-14H2,1-3H3,(H,27,30)(H,31,32)"	N/A	Orbitrap	Positive	ESI	432.31	lib-00015.mgf	Gold	1	0.919672	1.41184	0.000610352	1	GNPS-MSMLS	Dorrestein	432.31	N/A	0	17	CC(CCC(=O)NCC(=O)O)C1CCC2C1(CCC3C2C(CC4C3(CCC(C4)O)C)O)C	1	432.311	spectra/specs_ms.mgf	CCMSLIB00005464545	6.52567e+06	UPDATE-SINGLE-ANNOTATED-GOLD	 
214	M+H	24587415	1	Spectral Match to Phe-Trp from NIST14	Isolated	Data deposited by fevargas	0.0	spectra/specs_ms.mgf214	N/A	N/A	Q-TOF	Positive	ESI	352.166	lib-00032.mgf	Bronze	3	0.955521	1.64648	0.000579834	1	GNPS-NIST14-MATCHES	Data from Chris Turck	352.166	N/A	0	11	N/A	1	352.165	spectra/specs_ms.mgf	CCMSLIB00003134979	7.70342e+06	UPDATE-SINGLE-ANNOTATED-BRONZE	 
220	M+H	13962055	1	Spectral Match to Oleoyl L-carnitine from NIST14	Isolated	Data deposited by mjmeehan	0.0	spectra/specs_ms.mgf220	N/A	N/A	HCD	Positive	ESI	426.358	lib-00032.mgf	Bronze	3	0.977224	1.64628	0.000701904	1	GNPS-NIST14-MATCHES	Data from Gabriel Haddad	426.358	N/A	0	19	N/A	1	426.357	spectra/specs_ms.mgf	CCMSLIB00003140237	2.12123e+07	UPDATE-SINGLE-ANNOTATED-BRONZE	 
222	M+H	108392105	1	Spectral Match to N-Oleoyl-D-erythro-sphingosylphosphorylcholine from NIST14	Isolated	Data deposited by daniel	0.0	spectra/specs_ms.mgf222	N/A	N/A	HCD	Positive	ESI	729.59	lib-00032.mgf	Bronze	3	0.976188	0.167314	0.00012207	1	GNPS-NIST14-MATCHES	Data from Pieter Dorrestein	729.59	N/A	0	7	N/A	1	729.59	spectra/specs_ms.mgf	CCMSLIB00003137017	1.47506e+07	UPDATE-SINGLE-ANNOTATED-BRONZE	 
230	M+H	97802556	1	Spectral Match to 1-(1Z-Octadecenyl)-sn-glycero-3-phosphocholine from NIST14	Isolated	Data deposited by daniel	0.0	spectra/specs_ms.mgf230	N/A	N/A	HCD	Positive	ESI	508.375	lib-00032.mgf	Bronze	3	0.851295	0.780386	0.000396729	1	GNPS-NIST14-MATCHES	Data from James McKerrow	508.375	N/A	0	9	N/A	1	508.375	spectra/specs_ms.mgf	CCMSLIB00003138875	1.17747e+07	UPDATE-SINGLE-ANNOTATED-BRONZE	 
240	M+H	28047-15-6	1	phenylacetylglutamine	Other	alan_jarmusch	0.0	spectra/specs_ms.mgf240	InChI=1S/C13H16N2O4/c14-11(16)7-6-10(13(18)19)15-12(17)8-9-4-2-1-3-5-9/h1-5,10H,6-8H2,(H2,14,16)(H,15,17)(H,18,19)/t10-/m0/s1	 	Orbitrap	Positive	LC-ESI	265.118	lib-00013.mgf	Bronze	3	0.979941	1.15109	0.000305176	1	GNPS-LIBRARY	Dorrestein	265.118	 	0	8	C1=CC=C(C=C1)CC(=O)N[C@@H](CCC(=O)N)C(=O)O	1	265.118	spectra/specs_ms.mgf	CCMSLIB00002316426	500688	UPDATE-SINGLE-ANNOTATED-BRONZE	Urine
243	M+H	17298372	1	Spectral Match to Propionylcarnitine from NIST14	Isolated	Data deposited by daniel	0.0	spectra/specs_ms.mgf243	N/A	N/A	IT/ion trap	Positive	ESI	218.139	lib-00032.mgf	Bronze	3	0.929811	1.88865	0.000411987	1	GNPS-NIST14-MATCHES	Data from Lihini Aluwihare	218.139	N/A	0	6	N/A	1	218.139	spectra/specs_ms.mgf	CCMSLIB00003136575	5.07277e+07	UPDATE-SINGLE-ANNOTATED-BRONZE	 
245	M+H	 	1	Decanoyl-L-carnitine	Commercial	lfnothias	0.0	spectra/specs_ms.mgf245	 	 	qTof	Positive	LC-ESI	-1.0	lib-00013.mgf	Bronze	3	0.808857	24.0288	0.00759888	1	GNPS-LIBRARY	Dorrestein	-1.0	 	0	10	CCCCCCCCCC(=O)OC(CC(=O)[O-])C[N+](C)(C)C	1	316.248	spectra/specs_ms.mgf	CCMSLIB00004684226	4.73811e+06	UPDATE-SINGLE-ANNOTATED-BRONZE	 
248	M+H	111974-69-7	1	Spectral Match to Quetiapine from METLIN	Isolated	Data deposited by daniel	0.0	spectra/specs_ms.mgf248	InChI=1S/C21H25N3O2S/c25-14-16-26-15-13-23-9-11-24(12-10-23)21-17-5-1-3-7-19(17)27-20-8-4-2-6-18(20)22-21/h1-8,25H,9-16H2	N/A	LC-ESI-QTOF	Positive-20eV	LC-ESI	384.174	lib-00032.mgf	Bronze	3	0.954884	0.556058	0.000213623	1	GNPS-NIST14-MATCHES	Data from Pieter Dorrestein	384.174	N/A	0	9	N/A	1	384.174	spectra/specs_ms.mgf	CCMSLIB00003134541	1.59434e+07	UPDATE-SINGLE-ANNOTATED-BRONZE	 
25	M+H	N/A	1	sphingosin C16 (Artifact)-emf	Crude	N/A	0.0	spectra/specs_ms.mgf25	N/A	N/A	Orbitrap	Positive	LC-ESI	274.274	lib-00013.mgf	Bronze	3	0.970332	2.11407	0.000579834	1	GNPS-LIBRARY	emf	274.274	 	0	9	N/A	1	274.273	spectra/specs_ms.mgf	CCMSLIB00005463721	9.03192e+06	UPDATE-SINGLE-ANNOTATED-BRONZE	 
251	M+H-H2O	68268	1	Spectral Match to Retinol from NIST14	Isolated	Data deposited by mjmeehan	0.0	spectra/specs_ms.mgf251	N/A	N/A	Q-TOF	Positive	ESI	269.226	lib-00032.mgf	Bronze	3	0.95595	1.13353	0.000305176	1	GNPS-NIST14-MATCHES	Data from Gabriel Haddad	269.226	N/A	0	10	N/A	1	269.226	spectra/specs_ms.mgf	CCMSLIB00003137464	737206	UPDATE-SINGLE-ANNOTATED-BRONZE	 
252	M+H	53862354	1	Spectral Match to 1-Palmitoyl-2-hydroxy-sn-glycero-3-phosphoethanolamine from NIST14	Isolated	Data deposited by pmallard	0.0	spectra/specs_ms.mgf252	N/A	N/A	HCD	Positive	ESI	454.293	lib-00032.mgf	Bronze	3	0.871272	1.54505	0.000701904	1	GNPS-NIST14-MATCHES	Data from Wolfender/Litaudon	454.293	N/A	0	11	N/A	1	454.292	spectra/specs_ms.mgf	CCMSLIB00003136056	973392	UPDATE-SINGLE-ANNOTATED-BRONZE	 
258	M+H	475310	1	Spectral Match to Glycocholic acid from NIST14	Isolated	Data deposited by fevargas	0.0	spectra/specs_ms.mgf258	N/A	N/A	Q-TOF	Positive	ESI	466.316	lib-00032.mgf	Bronze	3	0.965523	0.261776	0.00012207	1	GNPS-NIST14-MATCHES	Data from Joshua Wollam	466.316	N/A	0	26	N/A	1	466.316	spectra/specs_ms.mgf	CCMSLIB00003139073	3.96685e+06	UPDATE-SINGLE-ANNOTATED-BRONZE	 
259	M+H	2922830	1	Spectral Match to L-Kynurenine from NIST14	Isolated	Data deposited by mjmeehan	0.0	spectra/specs_ms.mgf259	N/A	N/A	Q-TOF	Positive	ESI	209.092	lib-00032.mgf	Bronze	3	0.99854	0.948694	0.000198364	1	GNPS-NIST14-MATCHES	Data from Gabriel Haddad	209.092	N/A	0	8	N/A	1	209.092	spectra/specs_ms.mgf	CCMSLIB00003136099	2.23055e+07	UPDATE-SINGLE-ANNOTATED-BRONZE	 
264	M+H	95896563	1	Spectral Match to 1-(9Z-Octadecenoyl)-2-tetradecanoyl-sn-glycero-3-phosphocholine from NIST14	Isolated	Data deposited by mjmeehan	0.0	spectra/specs_ms.mgf264	N/A	N/A	HCD	Positive	ESI	732.554	lib-00032.mgf	Bronze	3	0.986964	2.99946	0.00219727	1	GNPS-NIST14-MATCHES	Data from Gabriel Haddad	732.554	N/A	0	11	N/A	1	732.552	spectra/specs_ms.mgf	CCMSLIB00003136557	3.01569e+06	UPDATE-SINGLE-ANNOTATED-BRONZE	 
27	M+H	74389687	1	Spectral Match to PAF C-16 from NIST14	Isolated	Data deposited by fevargas	0.0	spectra/specs_ms.mgf27	N/A	N/A	Q-TOF	Positive	ESI	524.371	lib-00032.mgf	Bronze	3	0.99104	1.04757	0.000549316	1	GNPS-NIST14-MATCHES	Data from Kevin Bush	524.371	N/A	0	12	N/A	1	524.37	spectra/specs_ms.mgf	CCMSLIB00003134705	1.40951e+07	UPDATE-SINGLE-ANNOTATED-BRONZE	 
289	M-2H2O+H	128-13-2	1	URSODEOXYCHOLATE	Commercial	Kelly Weldon	392.293	spectra/specs_ms.mgf289	InChI=1S/C24H40O4/c1-14(4-7-21(27)28)17-5-6-18-22-19(9-11-24(17,18)3)23(2)10-8-16(25)12-15(23)13-20(22)26/h14-20,22,25-26H,4-13H2,1-3H3,(H,27,28)	N/A	Orbitrap	Positive	ESI	357.279	lib-00015.mgf	Gold	1	0.932698	1.62292	0.000579834	1	GNPS-MSMLS	Dorrestein	357.279	31401.0	0	14	CC(CCC(=O)O)C1CCC2C1(CCC3C2C(CC4C3(CCC(C4)O)C)O)C	1	357.278	spectra/specs_ms.mgf	CCMSLIB00005463880	766931	UPDATE-SINGLE-ANNOTATED-GOLD	 
29	M+H	N/A	1	0358_Sulfamethazine	Commercial	CASMI2016	0.0	spectra/specs_ms.mgf29	"InChI=1S/C12H14N4O2S/c1-8-7-9(2)15-12(14-8)16-19(17,18)11-5-3-10(13)4-6-11/h3-7H,13H2,1-2H3,(H,14,15,16)"	N/A	Orbitrap	 Positive	LC-ESI	279.091	lib-00027.mgf	Gold	1	0.947111	2.51497	0.000701904	1	CASMI	CASMI	279.091	7560	0	10	Cc1cc(C)nc(NS(=O)(=O)c2ccc(N)cc2)n1	1	279.09	spectra/specs_ms.mgf	CCMSLIB00000579538	4.00117e+06	UPDATE-SINGLE-ANNOTATED-GOLD	 
291	[M+H]+	N/A	1	Palmitoylcarnitine	isolated	MoNA:VF-NPL-QEHF000340	0.0	spectra/specs_ms.mgf291	InChI=1S/C23H45NO4/c1-5-6-7-8-9-10-11-12-13-14-15-16-17-18-23(27)28-21(19-22(25)26)20-24(2,3)4/h21H,5-20H2,1-4H3/t21-/m0/s1	N/A	ESI-QFT	positive	N/A	400.342	lib-00029.mgf	Bronze	3	0.987269	1.29589	0.000518799	1	MONA	MoNA	400.342	N/A	0	11	N/A	1	400.341	spectra/specs_ms.mgf	CCMSLIB00004691403	9.48191e+06	UPDATE-SINGLE-ANNOTATED-BRONZE	 
299	M+H	635-65-4	1	Spectral Match to Bilirubin from METLIN	Isolated	Data deposited by daniel	0.0	spectra/specs_ms.mgf299	InChI=1S/C33H36N4O6/c1-7-20-19(6)32(42)37-27(20)14-25-18(5)23(10-12-31(40)41)29(35-25)15-28-22(9-11-30(38)39)17(4)24(34-28)13-26-16(3)21(8-2)33(43)36-26/h7-8,13-14,34-35H,1-2,9-12,15H2,3-6H3,(H,36,43)(H,37,42)(H,38,39)(H,40,41)/b26-13-,27-14-	N/A	LC-ESI-QTOF	Positive-40eV	LC-ESI	585.269	lib-00032.mgf	Bronze	3	0.971294	0.834285	0.000488281	1	GNPS-NIST14-MATCHES	Data from Pieter Dorrestein	585.269	N/A	0	10	N/A	1	585.269	spectra/specs_ms.mgf	CCMSLIB00003136956	6.20567e+06	UPDATE-SINGLE-ANNOTATED-BRONZE	 
304	M+H	50237	1	Spectral Match to Hydrocortisone from NIST14	Isolated	Data deposited by daniel	0.0	spectra/specs_ms.mgf304	N/A	N/A	Q-TOF	Positive	ESI	363.216	lib-00032.mgf	Bronze	3	0.935526	1.09227	0.000396729	1	GNPS-NIST14-MATCHES	Data from Pieter Dorrestein	363.216	N/A	0	15	N/A	1	363.216	spectra/specs_ms.mgf	CCMSLIB00003134544	1.57248e+06	UPDATE-SINGLE-ANNOTATED-BRONZE	 
313	[M+K]+	N/A	1	ACARBOSE	isolated	MoNA:VF-NPL-QEHF028090	0.0	spectra/specs_ms.mgf313	InChI=1S/C25H43NO18/c1-7-13(26-9-2-8(3-27)14(33)18(37)15(9)34)17(36)20(39)24(41-7)44-23-12(6-30)42-25(21(40)19(23)38)43-22(11(32)5-29)16(35)10(31)4-28/h2,4,7,9-27,29-40H,3,5-6H2,1H3	N/A	ESI-QFT	positive	N/A	684.211	lib-00029.mgf	Bronze	3	0.822624	12.7563	0.00872803	1	MONA	MoNA	684.211	N/A	0	13	N/A	1	684.202	spectra/specs_ms.mgf	CCMSLIB00004721671	429237	UPDATE-SINGLE-ANNOTATED-BRONZE	 
314	M+H	90242345	1	Spectral Match to 1-Octadecanoyl-2-octadecenoyl-sn-glycero-3-phosphocholine from NIST14	Isolated	Data deposited by daniel	0.0	spectra/specs_ms.mgf314	N/A	N/A	Q-TOF	Positive	ESI	788.612	lib-00032.mgf	Bronze	3	0.962334	2.01229	0.00158691	1	GNPS-NIST14-MATCHES	Data from James McKerrow	788.612	N/A	0	7	N/A	1	788.614	spectra/specs_ms.mgf	CCMSLIB00003134596	1.15489e+07	UPDATE-SINGLE-ANNOTATED-BRONZE	 
316	M+H	4724963	1	Spectral Match to 1,2-Dipalmitoleoyl-sn-glycero-3-phosphocholine from NIST14	Isolated	Data deposited by mjmeehan	0.0	spectra/specs_ms.mgf316	N/A	N/A	HCD	Positive	ESI	730.541	lib-00032.mgf	Bronze	3	0.988438	8.10414	0.00592041	1	GNPS-NIST14-MATCHES	Data from Gabriel Haddad	730.541	N/A	0	8	N/A	1	730.535	spectra/specs_ms.mgf	CCMSLIB00003139363	6.11631e+06	UPDATE-SINGLE-ANNOTATED-BRONZE	 
319	M+Na	108392105	1	Spectral Match to N-Oleoyl-D-erythro-sphingosylphosphorylcholine from NIST14	Isolated	Data deposited by daniel	0.0	spectra/specs_ms.mgf319	N/A	N/A	HCD	Positive	ESI	751.57	lib-00032.mgf	Bronze	3	0.862448	1.29936	0.000976562	1	GNPS-NIST14-MATCHES	Data from Pieter Dorrestein	751.57	N/A	0	8	N/A	1	751.571	spectra/specs_ms.mgf	CCMSLIB00003137195	832347	UPDATE-SINGLE-ANNOTATED-BRONZE	 
336	M+H	301020	1	Spectral Match to 9-Octadecenamide, (Z)- from NIST14	Isolated	Data deposited by pmallard	0.0	spectra/specs_ms.mgf336	N/A	N/A	HCD	Positive	ESI	282.28	lib-00032.mgf	Bronze	3	0.805303	6.05422	0.00170898	1	GNPS-NIST14-MATCHES	Data from Wolfender/Litaudon	282.28	N/A	0	8	N/A	1	282.278	spectra/specs_ms.mgf	CCMSLIB00003137650	1.80966e+06	UPDATE-SINGLE-ANNOTATED-BRONZE	 
339	M+H	 	1	TOP19 Psoriasis feature - Unknown FeatureID=3668	Lysate	lfnothias	0.0	spectra/specs_ms.mgf339	 	 	qTof	Positive	LC-ESI	466.328	lib-00013.mgf	Bronze	3	0.901622	1.30885	0.000610352	1	GNPS-LIBRARY	Dorrestein	466.328	 	0	11	 	1	466.329	spectra/specs_ms.mgf	CCMSLIB00004684237	3.62875e+06	UPDATE-SINGLE-ANNOTATED-BRONZE	 
342	M+H	541026	1	Spectral Match to Cyclopentasiloxane, decamethyl- from NIST14	Isolated	Data deposited by eriche	0.0	spectra/specs_ms.mgf342	N/A	N/A	HCD	Positive	ESI	371.102	lib-00032.mgf	Bronze	3	0.858899	3.45387	0.00128174	1	GNPS-NIST14-MATCHES	Data from Piel	371.102	N/A	0	11	N/A	1	371.101	spectra/specs_ms.mgf	CCMSLIB00003138218	2.16843e+06	UPDATE-SINGLE-ANNOTATED-BRONZE	 
346	M+H	n/a	1	C16 Lactosyl Ceramide (d18:1/16:0)	Commercial	lfnothias	861.618	spectra/specs_ms.mgf346	n/a	N/A	qTof	Positive	LC-ESI	862.625	lib-00025.mgf	Gold	1	0.9202	0.919817	0.000793457	1	GNPS-COLLECTIONS-MISC	Dorrestein/Wu	862.625	n/a	0	15	[H][C@](/C=C/CCCCCCCCCCCCC)(O)[C@@]([H])(NC(CCCCCCCCCCCCCCC)=O)CO[C@H](O1)[C@H](O)[C@@H](O)[C@@H]([C@H]1CO)O[C@H](O2)[C@H](O)[C@@H](O)[C@H]([C@H]2CO)O	1	862.624	spectra/specs_ms.mgf	CCMSLIB00001058187	2.37973e+06	UPDATE-SINGLE-ANNOTATED-GOLD	 
354	M+H	N/A	1	Spectral Match to 1-O-Hexadecyl-2-O-(2E-butenoyl)-sn-glyceryl-3-phosphocholine from NIST14	Isolated	Data deposited by lamccall	0.0	spectra/specs_ms.mgf354	N/A	N/A	HCD	Positive	ESI	550.387	lib-00032.mgf	Bronze	3	0.839389	2.2179	0.0012207	1	GNPS-NIST14-MATCHES	Data from James McKerrow	550.387	N/A	0	9	N/A	1	550.386	spectra/specs_ms.mgf	CCMSLIB00003139513	9.04258e+06	UPDATE-SINGLE-ANNOTATED-BRONZE	 
357	M+H	26993306	1	Spectral Match to D-erythro-Sphingosine-1-phosphate from NIST14	Isolated	Data deposited by fevargas	0.0	spectra/specs_ms.mgf357	N/A	N/A	Q-TOF	Positive	ESI	380.256	lib-00032.mgf	Bronze	3	0.970229	0.561787	0.000213623	1	GNPS-NIST14-MATCHES	Data from Kevin Bush	380.256	N/A	0	13	N/A	1	380.256	spectra/specs_ms.mgf	CCMSLIB00003137919	6.04001e+06	UPDATE-SINGLE-ANNOTATED-BRONZE	 
373	M+Na	90242345	1	Spectral Match to 1-Octadecanoyl-2-octadecenoyl-sn-glycero-3-phosphocholine from NIST14	Isolated	Data deposited by mjmeehan	0.0	spectra/specs_ms.mgf373	N/A	N/A	Q-TOF	Positive	ESI	810.599	lib-00032.mgf	Bronze	3	0.975156	3.08715	0.00250244	1	GNPS-NIST14-MATCHES	Data from Gabriel Haddad	810.599	N/A	0	17	N/A	1	810.596	spectra/specs_ms.mgf	CCMSLIB00003135060	1.80782e+07	UPDATE-SINGLE-ANNOTATED-BRONZE	 
378	M+H	640-79-9	1	glycochenodeoxycholic acid	commercial	A. Jarmusch	449.314	spectra/specs_ms.mgf378	1S/C26H43NO5/c1-15(4-7-22(30)27-14-23(31)32)18-5-6-19-24-20(9-11-26(18,19)3)25(2)10-8-17(28)12-16(25)13-21(24)29/h15-21,24,28-29H,4-14H2,1-3H3,(H,27,30)(H,31,32)/t15?,16-,17+,18+,19-,20-,21+,24-,25?,26?/m0/s1	N/A	Orbitrap	Positive	ESI	450.321	lib-00001.mgf	Gold	1	0.943549	0.203305	9.15527e-05	1	BILELIB19	Dorrestein	450.321	N/A	0	18	C[C@H](CCC(=O)NCC(=O)O)[C@H]1CC[C@@H]2[C@@]1(CC[C@H]3[C@H]2[C@@H](C[C@H]4[C@@]3(CC[C@H](C4)O)C)O)C	1	450.321	spectra/specs_ms.mgf	CCMSLIB00005435510	6.02086e+06	UPDATE-SINGLE-ANNOTATED-GOLD	 
394	M+Na	58909845	1	Spectral Match to N-Stearoyl-4-sphingenyl-1-O-phosphorylcholine from NIST14	Isolated	Data deposited by daniel	0.0	spectra/specs_ms.mgf394	N/A	N/A	Q-TOF	Positive	ESI	753.589	lib-00032.mgf	Bronze	3	0.878915	1.86283	0.00140381	1	GNPS-NIST14-MATCHES	Data from Pieter Dorrestein	753.589	N/A	0	8	N/A	1	753.588	spectra/specs_ms.mgf	CCMSLIB00003139736	837457	UPDATE-SINGLE-ANNOTATED-BRONZE	 
40	M+H	 	0	Contaminants septum vial Thermo C4000-53 and C4000-54 serie	Lysate	lfnothias	0.0	spectra/specs_ms.mgf40	 	 	Orbitrap	Positive	LC-ESI	610.184	lib-00013.mgf	Bronze	3	0.857272	0.900247	0.000549316	1	GNPS-LIBRARY	Dorrestein	610.184	 	0	14	 	1	610.183	spectra/specs_ms.mgf	CCMSLIB00005436263	1.13924e+06	UPDATE-SINGLE-ANNOTATED-BRONZE	 
400	M+H	95896563	1	Spectral Match to 1-(9Z-Octadecenoyl)-2-tetradecanoyl-sn-glycero-3-phosphocholine from NIST14	Isolated	Data deposited by mjmeehan	0.0	spectra/specs_ms.mgf400	N/A	N/A	HCD	Positive	ESI	732.553	lib-00032.mgf	Bronze	3	0.993427	0.916503	0.000671387	1	GNPS-NIST14-MATCHES	Data from Gabriel Haddad	732.553	N/A	0	11	N/A	1	732.552	spectra/specs_ms.mgf	CCMSLIB00003136587	3.12293e+06	UPDATE-SINGLE-ANNOTATED-BRONZE	 
402	M+H	60037607	1	Spectral Match to N-Tetracosanoyl-4-sphingenyl-1-O-phosphorylcholine from NIST14	Isolated	Data deposited by mjmeehan	0.0	spectra/specs_ms.mgf402	N/A	N/A	Q-TOF	Positive	ESI	815.7	lib-00032.mgf	Bronze	3	0.961054	1.12238	0.000915527	1	GNPS-NIST14-MATCHES	Data from Gabriel Haddad	815.7	N/A	0	9	N/A	1	815.699	spectra/specs_ms.mgf	CCMSLIB00003135443	2.73558e+06	UPDATE-SINGLE-ANNOTATED-BRONZE	 
426	M+Na	 	0	Contaminant vial septum ThermoFisher C5000-44B	Commercial	 	0.0	spectra/specs_ms.mgf426	 	 	Orbitrap	Positive	LC-ESI	707.169	lib-00013.mgf	Bronze	3	0.794819	7.76782	0.00549316	1	GNPS-LIBRARY	Dorrestein	707.169	 	0	19	 	1	707.164	spectra/specs_ms.mgf	CCMSLIB00005435815	204428	UPDATE-SINGLE-ANNOTATED-BRONZE	 
459	[M+H]+	29122-68-7	1	Massbank:EA016904 Atenolol|2-[4-[2-hydroxy-3-(isopropylamino)propoxy]phenyl]acetamide	Isolated	Massbank	0.0	spectra/specs_ms.mgf459	1S/C14H22N2O3/c1-10(2)16-8-12(17)9-19-13-5-3-11(4-6-13)7-14(15)18/h3-6,10,12,16-17H,7-9H2,1-2H3,(H2,15,18)	N/A	LC-ESI-ITFT	Positive	ESI	267.17	lib-00004.mgf	Bronze	3	0.950101	1.14225	0.000305176	1	MASSBANK	Putative Massbank Match	267.17	N/A	0	12	CC(C)NCC(O)COc1ccc(cc1)CC(N)=O	1	267.17	spectra/specs_ms.mgf	CCMSLIB00000207205	539259	UPDATE-SINGLE-ANNOTATED-BRONZE	 
464	M+H	 	1	Ceramide (18:1/16:0)	Other	Quinn	537.512	spectra/specs_ms.mgf464	 	 	qTof	Positive	LC-ESI	538.52	lib-00013.mgf	Bronze	3	0.900179	2.83347	0.00152588	1	GNPS-LIBRARY	Rohwer	538.52	7850623	0	6	 	1	538.518	spectra/specs_ms.mgf	CCMSLIB00000223895	333093	UPDATE-SINGLE-ANNOTATED-BRONZE	 
468	M+H	97802556	1	Spectral Match to 1-(1Z-Octadecenyl)-sn-glycero-3-phosphocholine from NIST14	Isolated	Data deposited by daniel	0.0	spectra/specs_ms.mgf468	N/A	N/A	HCD	Positive	ESI	508.375	lib-00032.mgf	Bronze	3	0.937963	0.420208	0.000213623	1	GNPS-NIST14-MATCHES	Data from James McKerrow	508.375	N/A	0	7	N/A	1	508.375	spectra/specs_ms.mgf	CCMSLIB00003138875	611168	UPDATE-SINGLE-ANNOTATED-BRONZE	 
470	M+Na	108273898	1	Spectral Match to 1-Pentadecanoyl-sn-glycero-3-phosphocholine from NIST14	Isolated	Data deposited by daniel	0.0	spectra/specs_ms.mgf470	N/A	N/A	HCD	Positive	ESI	504.304	lib-00032.mgf	Bronze	3	0.935406	1.63388	0.000823975	1	GNPS-NIST14-MATCHES	Data from Lihini Aluwihare	504.304	N/A	0	8	N/A	1	504.305	spectra/specs_ms.mgf	CCMSLIB00003138813	532847	UPDATE-SINGLE-ANNOTATED-BRONZE	 
48	M+H	19420565	1	Spectral Match to 1-(9Z-Octadecenoyl)-sn-glycero-3-phosphocholine from NIST14	Isolated	Data deposited by fevargas	0.0	spectra/specs_ms.mgf48	N/A	N/A	HCD	Positive	ESI	522.355	lib-00032.mgf	Bronze	3	0.992899	0.584231	0.000305176	1	GNPS-NIST14-MATCHES	Data from Joshua Wollam	522.355	N/A	0	14	N/A	1	522.355	spectra/specs_ms.mgf	CCMSLIB00003136940	6.6132e+06	UPDATE-SINGLE-ANNOTATED-BRONZE	 
50	[M+H]+	73-22-3	1	Massbank:BML01185 L-Tryptophan	Isolated	Massbank	0.0	spectra/specs_ms.mgf50	1S/C11H12N2O2/c12-9(11(14)15)5-7-6-13-10-4-2-1-3-8(7)10/h1-4,6,9,13H,5,12H2,(H,14,15)	N/A	LC-ESI-QTOF	Positive	ESI	205.097	lib-00004.mgf	Bronze	3	0.99629	0	0	1	MASSBANK	Putative Massbank Match	205.097	N/A	0	7	C1=CC=C2C(=C1)C(=CN2)CC(C(=O)O)N	1	205.097	spectra/specs_ms.mgf	CCMSLIB00000205165	3.02421e+07	UPDATE-SINGLE-ANNOTATED-BRONZE	 
505	M+H-NH3	2922830	1	Spectral Match to L-Kynurenine from NIST14	Isolated	Data deposited by lfnothias	0.0	spectra/specs_ms.mgf505	N/A	N/A	Q-TOF	Positive	ESI	192.065	lib-00032.mgf	Bronze	3	0.976448	0	0	1	GNPS-NIST14-MATCHES	Data from Pieter Dorrestein	192.065	N/A	0	7	N/A	1	192.065	spectra/specs_ms.mgf	CCMSLIB00003136239	771637	UPDATE-SINGLE-ANNOTATED-BRONZE	 
509	M+H	85449	1	Spectral Match to Phthalic anhydride from NIST14	Isolated	Data deposited by marjo	0.0	spectra/specs_ms.mgf509	N/A	N/A	HCD	Positive	ESI	149.023	lib-00032.mgf	Bronze	3	0.791619	1.3311	0.000198364	1	GNPS-NIST14-MATCHES	Data from Maria Maansson	149.023	N/A	0	6	N/A	1	149.023	spectra/specs_ms.mgf	CCMSLIB00003139160	399326	UPDATE-SINGLE-ANNOTATED-BRONZE	 
520	M+H	544310	1	Spectral Match to Palmitoyl ethanolamide from NIST14	Isolated	Data deposited by lfnothias	0.0	spectra/specs_ms.mgf520	N/A	N/A	Q-TOF	Positive	ESI	300.289	lib-00032.mgf	Bronze	3	0.97574	1.01627	0.000305176	1	GNPS-NIST14-MATCHES	Data from Pieter Dorrestein	300.289	N/A	0	8	N/A	1	300.289	spectra/specs_ms.mgf	CCMSLIB00003134732	1.27747e+06	UPDATE-SINGLE-ANNOTATED-BRONZE	 
526	M+H	640-79-9	1	glycochenodeoxycholic acid	commercial	A. Jarmusch	449.314	spectra/specs_ms.mgf526	1S/C26H43NO5/c1-15(4-7-22(30)27-14-23(31)32)18-5-6-19-24-20(9-11-26(18,19)3)25(2)10-8-17(28)12-16(25)13-21(24)29/h15-21,24,28-29H,4-14H2,1-3H3,(H,27,30)(H,31,32)/t15?,16-,17+,18+,19-,20-,21+,24-,25?,26?/m0/s1	N/A	Orbitrap	Positive	ESI	450.321	lib-00001.mgf	Gold	1	0.92728	0.474379	0.000213623	1	BILELIB19	Dorrestein	450.321	N/A	0	16	C[C@H](CCC(=O)NCC(=O)O)[C@H]1CC[C@@H]2[C@@]1(CC[C@H]3[C@H]2[C@@H](C[C@H]4[C@@]3(CC[C@H](C4)O)C)O)C	1	450.321	spectra/specs_ms.mgf	CCMSLIB00005435510	638338	UPDATE-SINGLE-ANNOTATED-GOLD	 
528	M+Na	20559164	1	Spectral Match to 1-Myristoyl-sn-glycero-3-phosphocholine from NIST14	Isolated	Data deposited by mjmeehan	0.0	spectra/specs_ms.mgf528	N/A	N/A	HCD	Positive	ESI	490.29	lib-00032.mgf	Bronze	3	0.723189	0.622439	0.000305176	1	GNPS-NIST14-MATCHES	Data from Gabriel Haddad	490.29	N/A	0	11	N/A	1	490.29	spectra/specs_ms.mgf	CCMSLIB00003134546	465385	UPDATE-SINGLE-ANNOTATED-BRONZE	 
535	M+H	59729338	1	Spectral Match to Citalopram from NIST14	Isolated	Data deposited by daniel	0.0	spectra/specs_ms.mgf535	N/A	N/A	HCD	Positive	ESI	325.17	lib-00032.mgf	Bronze	3	0.939094	1.22006	0.000396729	1	GNPS-NIST14-MATCHES	Data from Pieter Dorrestein	325.17	N/A	0	9	N/A	1	325.17	spectra/specs_ms.mgf	CCMSLIB00003139230	582035	UPDATE-SINGLE-ANNOTATED-BRONZE	 
55	M+H	130614061	1	Spectral Match to 1-Hexadecanoyl-2-octadecadienoyl-sn-glycero-3-phosphocholine from NIST14	Isolated	Data deposited by fevargas	0.0	spectra/specs_ms.mgf55	N/A	N/A	Q-TOF	Positive	ESI	758.569	lib-00032.mgf	Bronze	3	0.993263	0.88507	0.000671387	1	GNPS-NIST14-MATCHES	Data from Kevin Bush	758.569	N/A	0	11	N/A	1	758.568	spectra/specs_ms.mgf	CCMSLIB00003138795	2.53903e+07	UPDATE-SINGLE-ANNOTATED-BRONZE	 
554	M+H	108341806	1	Spectral Match to 1-Arachidoyl-2-hydroxy-sn-glycero-3-phosphocholine from NIST14	Isolated	Data deposited by mjmeehan	0.0	spectra/specs_ms.mgf554	N/A	N/A	HCD	Positive	ESI	552.401	lib-00032.mgf	Bronze	3	0.982891	0	0	1	GNPS-NIST14-MATCHES	Data from Gabriel Haddad	552.401	N/A	0	11	N/A	1	552.401	spectra/specs_ms.mgf	CCMSLIB00003139428	1.18797e+06	UPDATE-SINGLE-ANNOTATED-BRONZE	 
567	M+H	74430890	1	Spectral Match to Lyso-PAF C-18 from NIST14	Isolated	Data deposited by eriche	0.0	spectra/specs_ms.mgf567	N/A	N/A	Q-TOF	Positive	ESI	510.391	lib-00032.mgf	Bronze	3	0.987828	0	0	1	GNPS-NIST14-MATCHES	Data from Piel, Dittmann	510.391	N/A	0	9	N/A	1	510.391	spectra/specs_ms.mgf	CCMSLIB00003136342	5.23704e+06	UPDATE-SINGLE-ANNOTATED-BRONZE	 
568	M-2H2O+H	64480-66-6	1	glycoursodeoxycholic acid	commercial	A. Jarmusch	449.314	spectra/specs_ms.mgf568	1S/C26H43NO5/c1-15(4-7-22(30)27-14-23(31)32)18-5-6-19-24-20(9-11-26(18,19)3)25(2)10-8-17(28)12-16(25)13-21(24)29/h15-21,24,28-29H,4-14H2,1-3H3,(H,27,30)(H,31,32)/t15?,16-,17+,18+,19-,20-,21-,24-,25?,26?/m0/s1	N/A	Orbitrap	Positive	ESI	414.3	lib-00001.mgf	Gold	1	0.878869	0.441963	0.000183105	1	BILELIB19	Dorrestein	414.3	N/A	0	11	C[C@H](CCC(=O)NCC(=O)O)[C@H]1CC[C@@H]2[C@@]1(CC[C@H]3[C@H]2[C@H](C[C@H]4[C@@]3(CC[C@H](C4)O)C)O)C	1	414.3	spectra/specs_ms.mgf	CCMSLIB00005435537	514163	UPDATE-SINGLE-ANNOTATED-GOLD	 
57	M+NH4	25597335	1	Spectral Match to Decynediol, tetramethyl, di(2-hydroxyethyl) ether from NIST14	Isolated	Data deposited by mjmeehan	0.0	spectra/specs_ms.mgf57	N/A	N/A	QqQ	Positive	ESI	332.279	lib-00032.mgf	Bronze	3	0.994229	0.551059	0.000183105	1	GNPS-NIST14-MATCHES	Data from Gabriel Haddad	332.279	N/A	0	12	N/A	1	332.279	spectra/specs_ms.mgf	CCMSLIB00003135619	1.24308e+07	UPDATE-SINGLE-ANNOTATED-BRONZE	 
576	M+H	 	1	TOP 8 Psoriasis feature - Unknown FeatureID=4262	Lysate	lfnothias	0.0	spectra/specs_ms.mgf576	 	 	qTof	Positive	LC-ESI	438.297	lib-00013.mgf	Bronze	3	0.920228	1.11404	0.000488281	1	GNPS-LIBRARY	Dorrestein	438.297	 	0	12	 	1	438.297	spectra/specs_ms.mgf	CCMSLIB00004684235	1.3725e+06	UPDATE-SINGLE-ANNOTATED-BRONZE	 
602	M+Na	50930239	1	Spectral Match to 1-Heptadecanoyl-sn-glycero-3-phosphocholine from NIST14	Isolated	Data deposited by daniel	0.0	spectra/specs_ms.mgf602	N/A	N/A	HCD	Positive	ESI	532.337	lib-00032.mgf	Bronze	3	0.962	1.49052	0.000793457	1	GNPS-NIST14-MATCHES	Data from Pieter Dorrestein	532.337	N/A	0	9	N/A	1	532.336	spectra/specs_ms.mgf	CCMSLIB00003136925	1.51285e+06	UPDATE-SINGLE-ANNOTATED-BRONZE	 
615	M+H	N/A	1	Spectral Match to 1-Eicosatrienoyl-sn-glycero-3-phosphoethanolamine from NIST14	Isolated	Data deposited by negarg	0.0	spectra/specs_ms.mgf615	N/A	N/A	Q-TOF	Positive	ESI	504.306	lib-00032.mgf	Bronze	3	0.929406	1.57336	0.000793457	1	GNPS-NIST14-MATCHES	Data from Pieter C. Dorrestein	504.306	N/A	0	11	N/A	1	504.305	spectra/specs_ms.mgf	CCMSLIB00003136028	2.21056e+06	UPDATE-SINGLE-ANNOTATED-BRONZE	 
618	M+H	64191851	1	Spectral Match to Valerylcarnitine from NIST14	Isolated	Data deposited by daniel	0.0	spectra/specs_ms.mgf618	N/A	N/A	IT/ion trap	Positive	ESI	246.17	lib-00032.mgf	Bronze	3	0.943749	1.6116	0.000396729	1	GNPS-NIST14-MATCHES	Data from Pieter Dorrestein	246.17	N/A	0	6	N/A	1	246.17	spectra/specs_ms.mgf	CCMSLIB00003138757	960219	UPDATE-SINGLE-ANNOTATED-BRONZE	 
62	M+H-NH3	73223	1	Spectral Match to L-Tryptophan from NIST14	Isolated	Data deposited by daniel	0.0	spectra/specs_ms.mgf62	N/A	N/A	Q-TOF	Positive	ESI	188.071	lib-00032.mgf	Bronze	3	0.9483	3.16419	0.000595093	1	GNPS-NIST14-MATCHES	Data from James McKerrow	188.071	N/A	0	6	N/A	1	188.07	spectra/specs_ms.mgf	CCMSLIB00003135297	2.53347e+06	UPDATE-SINGLE-ANNOTATED-BRONZE	 
624	M-2H2O+H	64480-66-6	1	glycoursodeoxycholic acid	commercial	A. Jarmusch	449.314	spectra/specs_ms.mgf624	1S/C26H43NO5/c1-15(4-7-22(30)27-14-23(31)32)18-5-6-19-24-20(9-11-26(18,19)3)25(2)10-8-17(28)12-16(25)13-21(24)29/h15-21,24,28-29H,4-14H2,1-3H3,(H,27,30)(H,31,32)/t15?,16-,17+,18+,19-,20-,21-,24-,25?,26?/m0/s1	N/A	Orbitrap	Positive	ESI	414.3	lib-00001.mgf	Gold	1	0.92952	0.220982	9.15527e-05	1	BILELIB19	Dorrestein	414.3	N/A	0	12	C[C@H](CCC(=O)NCC(=O)O)[C@H]1CC[C@@H]2[C@@]1(CC[C@H]3[C@H]2[C@H](C[C@H]4[C@@]3(CC[C@H](C4)O)C)O)C	1	414.3	spectra/specs_ms.mgf	CCMSLIB00005435537	2.40715e+06	UPDATE-SINGLE-ANNOTATED-GOLD	 
628	M+H	2577404	1	Spectral Match to Phe-Phe from NIST14	Isolated	Data deposited by fevargas	0.0	spectra/specs_ms.mgf628	N/A	N/A	Q-TOF	Positive	ESI	313.154	lib-00032.mgf	Bronze	3	0.967028	1.26688	0.000396729	1	GNPS-NIST14-MATCHES	Data from Joshua Wollam	313.154	N/A	0	10	N/A	1	313.154	spectra/specs_ms.mgf	CCMSLIB00003134837	2.84097e+06	UPDATE-SINGLE-ANNOTATED-BRONZE	 
636	M+H	3303319	1	Spectral Match to Leu-Leu from NIST14	Isolated	Data deposited by mjmeehan	0.0	spectra/specs_ms.mgf636	N/A	N/A	Q-TOF	Positive	ESI	245.186	lib-00032.mgf	Bronze	3	0.973754	1.68031	0.000411987	1	GNPS-NIST14-MATCHES	Data from Gabriel Haddad	245.186	N/A	0	6	N/A	1	245.186	spectra/specs_ms.mgf	CCMSLIB00003139983	4.00469e+06	UPDATE-SINGLE-ANNOTATED-BRONZE	 
65	M+Na	N/A	1	Spectral Match to 1-Hexadecanoyl-sn-glycero-3-phosphocholine from NIST14	Isolated	Data deposited by fevargas	0.0	spectra/specs_ms.mgf65	N/A	N/A	Q-TOF	Positive	ESI	518.321	lib-00032.mgf	Bronze	3	0.990804	0.117756	6.10352e-05	1	GNPS-NIST14-MATCHES	Data from Joshua Wollam	518.321	N/A	0	12	N/A	1	518.321	spectra/specs_ms.mgf	CCMSLIB00003139839	4.40305e+07	UPDATE-SINGLE-ANNOTATED-BRONZE	 
653	M+H	2615158	1	Spectral Match to Hexaethylene glycol from NIST14	Isolated	Data deposited by amelnik	0.0	spectra/specs_ms.mgf653	N/A	N/A	HCD	Positive	ESI	283.175	lib-00032.mgf	Bronze	3	0.941757	2.04762	0.000579834	1	GNPS-NIST14-MATCHES	Data from Rob Knight 	283.175	N/A	0	7	N/A	1	283.174	spectra/specs_ms.mgf	CCMSLIB00003134614	1.06009e+06	UPDATE-SINGLE-ANNOTATED-BRONZE	 
662	M+H	N/A	1	Spectral Match to His Trp from METLIN	Isolated	Data deposited by daniel	0.0	spectra/specs_ms.mgf662	N/A	N/A	LC-ESI-QTOF	Positive-20eV	LC-ESI	342.156	lib-00032.mgf	Bronze	3	0.949667	0.267576	9.15527e-05	1	GNPS-NIST14-MATCHES	Data from Pieter Dorrestein	342.156	N/A	0	9	N/A	1	342.156	spectra/specs_ms.mgf	CCMSLIB00003134534	1.54178e+06	UPDATE-SINGLE-ANNOTATED-BRONZE	 
691	M+H	635-65-4	1	Spectral Match to Bilirubin from METLIN	Isolated	Data deposited by daniel	0.0	spectra/specs_ms.mgf691	InChI=1S/C33H36N4O6/c1-7-20-19(6)32(42)37-27(20)14-25-18(5)23(10-12-31(40)41)29(35-25)15-28-22(9-11-30(38)39)17(4)24(34-28)13-26-16(3)21(8-2)33(43)36-26/h7-8,13-14,34-35H,1-2,9-12,15H2,3-6H3,(H,36,43)(H,37,42)(H,38,39)(H,40,41)/b26-13-,27-14-	N/A	LC-ESI-QTOF	Positive-40eV	LC-ESI	585.269	lib-00032.mgf	Bronze	3	0.91606	0.417143	0.000244141	1	GNPS-NIST14-MATCHES	Data from Pieter Dorrestein	585.269	N/A	0	9	N/A	1	585.269	spectra/specs_ms.mgf	CCMSLIB00003136956	1.47106e+06	UPDATE-SINGLE-ANNOTATED-BRONZE	 
695	M+H	357399-43-0	1	Spectral Match to Hydroxybupropion from METLIN	Isolated	Data deposited by daniel	0.0	spectra/specs_ms.mgf695	N/A	N/A	LC-ESI-QTOF	Positive-10eV	LC-ESI	256.11	lib-00032.mgf	Bronze	3	0.945866	2.264	0.000579834	1	GNPS-NIST14-MATCHES	Data from Pieter Dorrestein	256.11	N/A	0	10	N/A	1	256.109	spectra/specs_ms.mgf	CCMSLIB00003137225	5.18566e+06	UPDATE-SINGLE-ANNOTATED-BRONZE	 
7	M+H	122112	1	Spectral Match to Sulfadimethoxine from NIST14	Isolated	Data deposited by fevargas	0.0	spectra/specs_ms.mgf7	N/A	N/A	Q-TOF	Positive	ESI	311.08	lib-00032.mgf	Bronze	3	0.988471	0.588612	0.000183105	1	GNPS-NIST14-MATCHES	Data from Joshua Wollam	311.08	N/A	0	13	N/A	1	311.08	spectra/specs_ms.mgf	CCMSLIB00003138938	1.16155e+08	UPDATE-SINGLE-ANNOTATED-BRONZE	 
726	M+H	69525800	1	Spectral Match to 1-Myristoyl-2-palmitoyl-sn-glycero-3-phosphocholine from NIST14	Isolated	Data deposited by mjmeehan	0.0	spectra/specs_ms.mgf726	N/A	N/A	HCD	Positive	ESI	706.537	lib-00032.mgf	Bronze	3	0.987957	5.0968	0.00360107	1	GNPS-NIST14-MATCHES	Data from Gabriel Haddad	706.537	N/A	0	9	N/A	1	706.533	spectra/specs_ms.mgf	CCMSLIB00003135417	834342	UPDATE-SINGLE-ANNOTATED-BRONZE	 
747	[M+H]+	N/A	1	Massbank:PB000428 Lysine|2,6-diaminohexanoic acid	Isolated	Massbank	0.0	spectra/specs_ms.mgf747	1S/C6H14N2O2/c7-4-2-1-3-5(8)6(9)10/h5H,1-4,7-8H2,(H,9,10)	N/A	LC-ESI-QTOF	Positive	ESI	147.113	lib-00004.mgf	Bronze	3	0.948169	3.42281	0.00050354	1	MASSBANK	Putative Massbank Match	147.113	N/A	0	6	C(CCN)CC(C(=O)O)N	1	147.113	spectra/specs_ms.mgf	CCMSLIB00000221732	1.18826e+06	UPDATE-SINGLE-ANNOTATED-BRONZE	 
775	M+H	474923212	1	Spectral Match to N-Lauroyl-D-erythro-sphingosylphosphorylcholine from NIST14	Isolated	Data deposited by mjmeehan	0.0	spectra/specs_ms.mgf775	N/A	N/A	HCD	Positive	ESI	647.515	lib-00032.mgf	Bronze	3	0.987599	5.56138	0.00360107	1	GNPS-NIST14-MATCHES	Data from Gabriel Haddad	647.515	N/A	0	8	N/A	1	647.511	spectra/specs_ms.mgf	CCMSLIB00003135723	4.65622e+06	UPDATE-SINGLE-ANNOTATED-BRONZE	 
79	M+H	112845	1	Spectral Match to 13-Docosenamide, (Z)- from NIST14	Isolated	Data deposited by pmallard	0.0	spectra/specs_ms.mgf79	N/A	N/A	HCD	Positive	ESI	338.342	lib-00032.mgf	Bronze	3	0.868085	2.97652	0.00100708	1	GNPS-NIST14-MATCHES	Data from Wolfender/Litaudon	338.342	N/A	0	8	N/A	1	338.341	spectra/specs_ms.mgf	CCMSLIB00003136708	500904	UPDATE-SINGLE-ANNOTATED-BRONZE	 
798	M-H2O+H	16564-43-5	1	GLYCOCHENODEOXYCHOLATE	Commercial	Kelly Weldon	449.314	spectra/specs_ms.mgf798	"InChI=1S/C26H43NO5/c1-15(4-7-22(30)27-14-23(31)32)18-5-6-19-24-20(9-11-26(18,19)3)25(2)10-8-17(28)12-16(25)13-21(24)29/h15-21,24,28-29H,4-14H2,1-3H3,(H,27,30)(H,31,32)"	N/A	Orbitrap	Positive	ESI	432.31	lib-00015.mgf	Gold	1	0.908619	0.917695	0.000396729	1	GNPS-MSMLS	Dorrestein	432.31	N/A	0	18	CC(CCC(=O)NCC(=O)O)C1CCC2C1(CCC3C2C(CC4C3(CCC(C4)O)C)O)C	1	432.31	spectra/specs_ms.mgf	CCMSLIB00005464545	336178	UPDATE-SINGLE-ANNOTATED-GOLD	 
8	M+NH4	 	0	Contaminant vial septum ThermoFisher C5000-44B	Commercial	 	0.0	spectra/specs_ms.mgf8	 	 	Orbitrap	Positive	LC-ESI	776.234	lib-00013.mgf	Bronze	3	0.923776	2.98793	0.00231934	1	GNPS-LIBRARY	Dorrestein	776.234	 	0	18	 	1	776.232	spectra/specs_ms.mgf	CCMSLIB00005435824	2.07421e+06	UPDATE-SINGLE-ANNOTATED-BRONZE	 
80	M+H	84742	1	Spectral Match to Dibutyl phthalate from NIST14	Isolated	Data deposited by marjo	0.0	spectra/specs_ms.mgf80	N/A	N/A	QqQ	Positive	ESI	279.16	lib-00032.mgf	Bronze	3	0.969843	6.12188	0.00170898	1	GNPS-NIST14-MATCHES	Data from Maria Maansson	279.16	N/A	0	6	N/A	1	279.158	spectra/specs_ms.mgf	CCMSLIB00003136685	1.15279e+07	UPDATE-SINGLE-ANNOTATED-BRONZE	 
812	M+H	34217-90-8 	1	Stercobilin	Other	A. Jarmusch	595.35	spectra/specs_ms.mgf812	 	 	Orbitrap	Positive	LC-ESI	595.35	lib-00013.mgf	Bronze	3	0.817526	2.76803	0.00164795	1	GNPS-LIBRARY	Dorrestein	595.35	5280818	0	6	CCC1C(C(=O)NC1CC2=NC(=CC3=C(C(=C(N3)CC4C(C(C(=O)N4)CC)C)C)CCC(=O)O)C(=C2C)CCC(=O)O)C	1	595.348	spectra/specs_ms.mgf	CCMSLIB00001059689	87876	UPDATE-SINGLE-ANNOTATED-BRONZE	 
83	M+H	5080-50-2	1	O-ACETYLCARNITINE	Commercial	Kelly Weldon	203.116	spectra/specs_ms.mgf83	"InChI=1S/C9H17NO4/c1-7(11)14-8(5-9(12)13)6-10(2,3)4/h8H,5-6H2,1-4H3"	N/A	Orbitrap	Positive	ESI	204.123	lib-00015.mgf	Gold	1	0.987886	0.52327	0.000106812	1	GNPS-MSMLS	Dorrestein	204.123	N/A	0	6	CC(=O)OC(CC([O-])=O)C[N+](C)(C)C	1	204.123	spectra/specs_ms.mgf	CCMSLIB00005464316	1.2155e+08	UPDATE-SINGLE-ANNOTATED-GOLD	 
84	M-H2O+H	n/a	1	NCGC00385962-01_C16H24O3_	isolated	lfnothias	264.173	spectra/specs_ms.mgf84	InChI=1S/C16H24O3/c1-14-10-7-5-3-2-4-6-8-11-15(17)12-9-13-16(18)19-14/h2-3,5,7,9,13-15,17H,4,6,8,10-12H2,1H3/b3-2-,7-5+,13-9+	N/A	Maxis II HD Q-TOF Bruker	positive	LC-ESI	247.169	lib-00002.mgf	Gold	1	0.949588	12.1616	0.00300598	1	GNPS-NIH-NATURALPRODUCTSLIBRARY_ROUND2_POSITIVE	Jadhav/Dorrestein	247.169	n/a	0	9	CC1C\C=C\C=C/CCCCC(O)C\C=C\C(=O)O1	1	247.166	spectra/specs_ms.mgf	CCMSLIB00000854835	9.12841e+06	UPDATE-SINGLE-ANNOTATED-GOLD	 
85	M+H	35418598	1	Spectral Match to 1-Octadecanoyl-2-(5Z,8Z,11Z,14Z-eicosatetraenoyl)-sn-glycero-3-phosphocholine from NIST14	Isolated	Data deposited by fevargas	0.0	spectra/specs_ms.mgf85	N/A	N/A	HCD	Positive	ESI	810.6	lib-00032.mgf	Bronze	3	0.972541	4.44248	0.00360107	1	GNPS-NIST14-MATCHES	Data from Kevin Bush	810.6	N/A	0	11	N/A	1	810.596	spectra/specs_ms.mgf	CCMSLIB00003138207	1.07584e+07	UPDATE-SINGLE-ANNOTATED-BRONZE	 
86	M+NH4	n/a	1	NCGC00380283-01!4-[5-[[4-[5-[acetyl(hydroxy)amino]pentylamino]-4-oxobutanoyl]-hydroxyamino]pentylamino]-4-oxobutanoic acid	isolated	lfnothias	460.253	spectra/specs_ms.mgf86	InChI=1S/C20H36N4O8/c1-16(25)23(31)14-6-2-4-12-21-17(26)8-10-19(28)24(32)15-7-3-5-13-22-18(27)9-11-20(29)30/h31-32H,2-15H2,1H3,(H,21,26)(H,22,27)(H,29,30)	N/A	Maxis II HD Q-TOF Bruker	positive	LC-ESI	478.287	lib-00002.mgf	Gold	1	0.860342	11.1022	0.00531006	1	GNPS-NIH-NATURALPRODUCTSLIBRARY_ROUND2_POSITIVE	Jadhav/Dorrestein	478.287	n/a	0	10	CC(=O)N(O)CCCCCNC(=O)CCC(=O)N(O)CCCCCNC(=O)CCC(O)=O	1	478.292	spectra/specs_ms.mgf	CCMSLIB00000845585	4.12335e+06	UPDATE-SINGLE-ANNOTATED-GOLD	 
867	M+H	640-79-9	1	glycochenodeoxycholic acid	commercial	A. Jarmusch	449.314	spectra/specs_ms.mgf867	1S/C26H43NO5/c1-15(4-7-22(30)27-14-23(31)32)18-5-6-19-24-20(9-11-26(18,19)3)25(2)10-8-17(28)12-16(25)13-21(24)29/h15-21,24,28-29H,4-14H2,1-3H3,(H,27,30)(H,31,32)/t15?,16-,17+,18+,19-,20-,21+,24-,25?,26?/m0/s1	N/A	Orbitrap	Positive	ESI	450.321	lib-00001.mgf	Gold	1	0.954075	0.271074	0.00012207	1	BILELIB19	Dorrestein	450.321	N/A	0	18	C[C@H](CCC(=O)NCC(=O)O)[C@H]1CC[C@@H]2[C@@]1(CC[C@H]3[C@H]2[C@@H](C[C@H]4[C@@]3(CC[C@H](C4)O)C)O)C	1	450.321	spectra/specs_ms.mgf	CCMSLIB00005435510	1.61389e+06	UPDATE-SINGLE-ANNOTATED-GOLD	 
884	M+H	799268636	1	Spectral Match to 1-(1Z-Octadecenyl)-2-(9Z-octadecenoyl)-sn-glycero-3-phosphocholine from NIST14	Isolated	Data deposited by mjmeehan	0.0	spectra/specs_ms.mgf884	N/A	N/A	HCD	Positive	ESI	772.586	lib-00032.mgf	Bronze	3	0.990318	2.68604	0.0020752	1	GNPS-NIST14-MATCHES	Data from Gabriel Haddad	772.586	N/A	0	10	N/A	1	772.584	spectra/specs_ms.mgf	CCMSLIB00003134571	5.17068e+06	UPDATE-SINGLE-ANNOTATED-BRONZE	 
885	M+H	20664022	1	Spectral Match to 1-Stearoyl-2-myristoyl-sn-glycero-3-phosphocholine from NIST14	Isolated	Data deposited by mjmeehan	0.0	spectra/specs_ms.mgf885	N/A	N/A	HCD	Positive	ESI	734.564	lib-00032.mgf	Bronze	3	0.990402	5.65014	0.00415039	1	GNPS-NIST14-MATCHES	Data from Gabriel Haddad	734.564	N/A	0	9	N/A	1	734.568	spectra/specs_ms.mgf	CCMSLIB00003136123	2.57038e+06	UPDATE-SINGLE-ANNOTATED-BRONZE	 
886	M+H	26853316	1	Spectral Match to 1-Hexadecanoyl-2-(9Z-octadecenoyl)-sn-glycero-3-phosphocholine from NIST14	Isolated	Data deposited by mjmeehan	0.0	spectra/specs_ms.mgf886	N/A	N/A	HCD	Positive	ESI	760.586	lib-00032.mgf	Bronze	3	0.990102	2.88891	0.00219727	1	GNPS-NIST14-MATCHES	Data from Gabriel Haddad	760.586	N/A	0	13	N/A	1	760.584	spectra/specs_ms.mgf	CCMSLIB00003138390	8.59042e+06	UPDATE-SINGLE-ANNOTATED-BRONZE	 
889	M+H	146797822	1	Spectral Match to Arachidonoylthio-PC from NIST14	Isolated	Data deposited by mjmeehan	0.0	spectra/specs_ms.mgf889	N/A	N/A	Q-TOF	Positive	ESI	784.584	lib-00032.mgf	Bronze	3	0.984662	0.077793	6.10352e-05	1	GNPS-NIST14-MATCHES	Data from Gabriel Haddad	784.584	N/A	0	7	N/A	1	784.584	spectra/specs_ms.mgf	CCMSLIB00003140236	694979	UPDATE-SINGLE-ANNOTATED-BRONZE	 
890	M+H	20664022	1	Spectral Match to 1-Stearoyl-2-myristoyl-sn-glycero-3-phosphocholine from NIST14	Isolated	Data deposited by mjmeehan	0.0	spectra/specs_ms.mgf890	N/A	N/A	HCD	Positive	ESI	734.564	lib-00032.mgf	Bronze	3	0.988997	6.64723	0.00488281	1	GNPS-NIST14-MATCHES	Data from Gabriel Haddad	734.564	N/A	0	9	N/A	1	734.569	spectra/specs_ms.mgf	CCMSLIB00003136123	5.18426e+06	UPDATE-SINGLE-ANNOTATED-BRONZE	 
892	M+H	144371697	1	Spectral Match to 1-(1Z-Octadecenyl)-2-(5Z,8Z,11Z,14Z-eicosatetraenoyl)-sn-glycero-3-phosphoethanolamine from NIST14	Isolated	Data deposited by alchemistmatt	0.0	spectra/specs_ms.mgf892	N/A	N/A	HCD	Positive	ESI	752.553	lib-00032.mgf	Bronze	3	0.77932	6.40723	0.00482178	1	GNPS-NIST14-MATCHES	Data from Katrina Waters;Yoshihiro Kawaoka;Richard Smith;Thomas Metz;Ralph Baric	752.553	N/A	0	10	N/A	1	752.558	spectra/specs_ms.mgf	CCMSLIB00003138968	331331	UPDATE-SINGLE-ANNOTATED-BRONZE	 
893	M+Na	90242345	1	Spectral Match to 1-Octadecanoyl-2-octadecenoyl-sn-glycero-3-phosphocholine from NIST14	Isolated	Data deposited by mjmeehan	0.0	spectra/specs_ms.mgf893	N/A	N/A	Q-TOF	Positive	ESI	810.599	lib-00032.mgf	Bronze	3	0.929983	0.978853	0.000793457	1	GNPS-NIST14-MATCHES	Data from Gabriel Haddad	810.599	N/A	0	6	N/A	1	810.6	spectra/specs_ms.mgf	CCMSLIB00003135060	844278	UPDATE-SINGLE-ANNOTATED-BRONZE	 
894	M+H	144371697	1	Spectral Match to 1-(1Z-Octadecenyl)-2-(5Z,8Z,11Z,14Z-eicosatetraenoyl)-sn-glycero-3-phosphoethanolamine from NIST14	Isolated	Data deposited by alchemistmatt	0.0	spectra/specs_ms.mgf894	N/A	N/A	HCD	Positive	ESI	752.553	lib-00032.mgf	Bronze	3	0.731838	7.70489	0.00579834	1	GNPS-NIST14-MATCHES	Data from Katrina Waters;Yoshihiro Kawaoka;Richard Smith;Thomas Metz;Ralph Baric	752.553	N/A	0	10	N/A	1	752.559	spectra/specs_ms.mgf	CCMSLIB00003138968	308728	UPDATE-SINGLE-ANNOTATED-BRONZE	 
909	M+Na	97802534	1	Spectral Match to 1-(1Z-Hexadecenyl)-sn-glycero-3-phosphocholine from NIST14	Isolated	Data deposited by fevargas	0.0	spectra/specs_ms.mgf909	N/A	N/A	HCD	Positive	ESI	502.326	lib-00032.mgf	Bronze	3	0.897696	1.39731	0.000701904	1	GNPS-NIST14-MATCHES	Data from Joshua Wollam	502.326	N/A	0	6	N/A	1	502.325	spectra/specs_ms.mgf	CCMSLIB00003136814	338646	UPDATE-SINGLE-ANNOTATED-BRONZE	 
92	M+H	74793	1	Spectral Match to L-Arginine from NIST14	Isolated	Data deposited by fevargas	0.0	spectra/specs_ms.mgf92	N/A	N/A	Q-TOF	Positive	ESI	175.119	lib-00032.mgf	Bronze	3	0.999746	1.74268	0.000305176	1	GNPS-NIST14-MATCHES	Data from Chris Turck	175.119	N/A	0	8	N/A	1	175.119	spectra/specs_ms.mgf	CCMSLIB00003138270	1.05502e+07	UPDATE-SINGLE-ANNOTATED-BRONZE	 
924	M+H	6921615	1	Spectral Match to Urobilin from NIST14	Isolated	Data deposited by mjmeehan	0.0	spectra/specs_ms.mgf924	N/A	N/A	HCD	Positive	ESI	591.317	lib-00032.mgf	Bronze	3	0.936471	0.103219	6.10352e-05	1	GNPS-NIST14-MATCHES	Data from Gabriel Haddad	591.317	N/A	0	7	N/A	1	591.317	spectra/specs_ms.mgf	CCMSLIB00003137178	263596	UPDATE-SINGLE-ANNOTATED-BRONZE	 
968	M+H	541026	1	Spectral Match to Cyclopentasiloxane, decamethyl- from NIST14	Isolated	Data deposited by eriche	0.0	spectra/specs_ms.mgf968	N/A	N/A	HCD	Positive	ESI	371.102	lib-00032.mgf	Bronze	3	0.74158	2.96046	0.00109863	1	GNPS-NIST14-MATCHES	Data from Piel	371.102	N/A	0	6	N/A	1	371.101	spectra/specs_ms.mgf	CCMSLIB00003138218	126800	UPDATE-SINGLE-ANNOTATED-BRONZE	 
97	M+H	60184	1	Spectral Match to L-Tyrosine from NIST14	Isolated	Data deposited by fevargas	0.0	spectra/specs_ms.mgf97	N/A	N/A	QqQ	Positive	ESI	182.081	lib-00032.mgf	Bronze	3	0.999935	0	0	1	GNPS-NIST14-MATCHES	Data from Joshua Wollam	182.081	N/A	0	7	N/A	1	182.081	spectra/specs_ms.mgf	CCMSLIB00003137613	1.81382e+08	UPDATE-SINGLE-ANNOTATED-BRONZE	 
971	M-2H2O+H	64480-66-6	1	glycoursodeoxycholic acid	commercial	A. Jarmusch	449.314	spectra/specs_ms.mgf971	1S/C26H43NO5/c1-15(4-7-22(30)27-14-23(31)32)18-5-6-19-24-20(9-11-26(18,19)3)25(2)10-8-17(28)12-16(25)13-21(24)29/h15-21,24,28-29H,4-14H2,1-3H3,(H,27,30)(H,31,32)/t15?,16-,17+,18+,19-,20-,21-,24-,25?,26?/m0/s1	N/A	Orbitrap	Positive	ESI	414.3	lib-00001.mgf	Gold	1	0.807579	0	0	1	BILELIB19	Dorrestein	414.3	N/A	0	10	C[C@H](CCC(=O)NCC(=O)O)[C@H]1CC[C@@H]2[C@@]1(CC[C@H]3[C@H]2[C@H](C[C@H]4[C@@]3(CC[C@H](C4)O)C)O)C	1	414.3	spectra/specs_ms.mgf	CCMSLIB00005435537	143002	UPDATE-SINGLE-ANNOTATED-GOLD	 
98	M+Na	26853316	1	Spectral Match to 1-Hexadecanoyl-2-(9Z-octadecenoyl)-sn-glycero-3-phosphocholine from NIST14	Isolated	Data deposited by mjmeehan	0.0	spectra/specs_ms.mgf98	N/A	N/A	HCD	Positive	ESI	782.568	lib-00032.mgf	Bronze	3	0.986134	2.02783	0.00158691	1	GNPS-NIST14-MATCHES	Data from Gabriel Haddad	782.568	N/A	0	15	N/A	1	782.566	spectra/specs_ms.mgf	CCMSLIB00003138952	3.23124e+07	UPDATE-SINGLE-ANNOTATED-BRONZE	 
999	M+H	832973	1	Spectral Match to DL-Indole-3-lactic acid from NIST14	Isolated	Data deposited by quinnr	0.0	spectra/specs_ms.mgf999	N/A	N/A	Q-TOF	Positive	ESI	206.081	lib-00032.mgf	Bronze	3	0.992005	0	0	1	GNPS-NIST14-MATCHES	Data from Dorrestein/Knight	206.081	N/A	0	7	N/A	1	206.081	spectra/specs_ms.mgf	CCMSLIB00003136107	1.15222e+06	UPDATE-SINGLE-ANNOTATED-BRONZE	 
